category,tag,display,description
Game Systems,board-games,Board Games,"Board game content, plays, and reviews."
Game Systems,crown-and-skull,Crown and Skull,"Content about Crown and Skull, a fantasy RPG system with unique skill-based character progression."
Game Systems,dolmenwood,Dolmenwood,"Content about Dolmenwood, a fairy-tale inspired OSR setting with dark folklore themes."
Game Systems,dungeons-and-dragons,Dungeons and Dragons,Content related to D&D and fantasy RPG gaming.
Game Systems,fractured-isles,Fractured Isles,Content set in the Fractured Isles homebrew campaign setting.
Game Systems,hobgoblin,Hobgoblin,"Content about Hobgoblin, the fantasy skirmish wargame."
Game Systems,infinity,Infinity,"Content about Infinity, the sci-fi skirmish game by Corvus Belli."
Game Systems,inq28,INQ28,"Content about INQ28, the narrative 28mm Inquisitor / Warhammer 40,000 kitbashing scene."
Game Systems,kal-arath,Kal Arath,"Content about Kal Arath, a sword-and-sandal solo OSR RPG inspired by Conan the Cimmerian."
Game Systems,kingdom-death,Kingdom Death,"Content about Kingdom Death: Monster, the cooperative survival horror board game."
Game Systems,mage-knight,Mage Knight,"Content about Mage Knight, the collectible miniatures game with pre-painted figures and combat dials."
Game Systems,midgard,Midgard,"Content about Midgard, a fantasy mass-battle wargame."
Game Systems,motley-crews,Motley Crews,"Content about Motley Crews, a fantasy skirmish game featuring diverse warbands."
Game Systems,necromunda,Necromunda,"Content about Necromunda, Games Workshop's gang warfare skirmish game set in the 40K universe."
Game Systems,old-school-essentials,Old School Essentials,"Content about Old School Essentials, a streamlined OSR RPG system."
Game Systems,old-world,The Old World,"Content about Warhammer: The Old World, the mass-battle fantasy wargame."
Game Systems,prima-materia,Prima Materia,"Content using the Prima Materia oracle dice by Man Alone and Dice Nest, an alchemical-symbol storytelling system."
Game Systems,relicblade,Relicblade,"Content about Relicblade, the fantasy adventure skirmish game by Metal King Studio."
Game Systems,trench-crusade,Trench Crusade,"Content about Trench Crusade, a grimdark alternate-history skirmish game set in WWI trenches."
Game Systems,ttrpg,TTRPG,Tabletop role-playing game content and related topics.
Game Systems,wargaming,Wargaming,"General tabletop wargaming content, strategy, and discussion."
Game Systems,warhammer,Warhammer,Content about Warhammer Fantasy and Age of Sigmar miniatures and games.
Game Systems,warmachine,Warmachine,"Content about Warmachine, the steampunk wargame by Steamforged Games featuring warjacks and warcasters."
Factions & Armies,children-of-gomb,Children of Gomb,The Children of Gomb warband.
Factions & Armies,crucible-guard,Crucible Guard,"The Crucible Guard, an alchemy-and-industry faction from Warmachine."
Factions & Armies,dusk,Dusk,The Dusk faction from Warmachine - elven forces with shadow and stealth abilities.
Factions & Armies,goblins,Goblins,Painting and modeling goblins and other greenskins.
Factions & Armies,kdm-hesychia,Hesychía Campaign,Episodes from the Hesychía settlement campaign in Kingdom Death: Monster.
Factions & Armies,menoth,Menoth,The Protectorate of Menoth faction from Warmachine - zealous theocracy with fire and denial mechanics.
Factions & Armies,normans,Normans,Norman medieval historical miniatures and armies.
Factions & Armies,orcs,Orcs,Painting and modeling orcs and ork armies.
Factions & Armies,orcs-and-goblins,Orcs and Goblins,Orcs and Goblins army for Warhammer - greenskin horde with squigs and war machines.
Factions & Armies,orgoth,Orgoth,The Orgoth faction from Warmachine - returning dark empire with blighted technology.
Factions & Armies,the-last-watch,The Last Watch,The Last Watch campaign party - a group of Nyss survivors in the Crown and Skull RPG.
Factions & Armies,trench-pilgrims,Trench Pilgrims,The Trench Pilgrims warband from Trench Crusade - penitent religious fanatics.
Techniques,airbrushing,Airbrushing,"Airbrush painting techniques for smooth gradients, zenithal priming, and basecoating."
Techniques,basing,Basing,"Miniature base decoration techniques including texture, grass, rocks, and scenic elements."
Techniques,blending,Blending,Wet blending and layering techniques for smooth color gradients.
Techniques,cloth,Cloth,Painting fabric and cloth materials on miniatures.
Techniques,contrast-paints,Contrast Paints,Using contrast and speedpaints for quick shading and highlighting in one coat.
Techniques,conversion,Conversion,Converting and modifying miniatures into custom models.
Techniques,dry-brushing,Dry Brushing,Dry brushing technique for quick highlights using minimal paint on a dry brush.
Techniques,edge-highlighting,Edge Highlighting,Edge highlighting technique for crisp highlights on armor edges and raised details.
Techniques,eyes,Eyes,Painting eyes and faces on miniatures.
Techniques,glazing,Glazing,"Glazing technique for smooth color transitions using thin, transparent paint layers."
Techniques,goblin-skin,Goblin Skin,Painting goblin flesh - typically lighter or yellower greens than orcs.
Techniques,green-stuff,Green Stuff,Sculpting and gap-filling with Green Stuff epoxy putty.
Techniques,leather,Leather,"Painting realistic leather textures on belts, pouches, and armor."
Techniques,metal,Metal,Painting metallic surfaces using metallic paints or NMM.
Techniques,mold-making,Mold Making,Making molds for casting resin or metal parts.
Techniques,nmm,NMM,Non-Metallic Metal technique - painting metallic effects using regular paints without metallics.
Techniques,oil-wash,Oil Wash,Using oil-paint washes for shading and weathering.
Techniques,orc-skin,Orc Skin,Painting green orc and ork flesh tones with various recipes and techniques.
Techniques,painting,Painting,"General miniature painting content, tips, and techniques."
Techniques,pale-flesh,Pale Flesh,"Painting pale, undead, or sickly skin tones on miniatures."
Techniques,preshading,Preshading,Preshading technique - applying shadows before basecoats for depth.
Techniques,rust-effects,Rust Effects,Creating realistic rust and corrosion effects on miniatures and terrain.
Techniques,sculpting,Sculpting,Sculpting original miniatures and details from scratch.
Techniques,skin-tones,Skin Tones,Painting human and humanoid flesh tones.
Techniques,snow-effects,Snow Effects,Adding snow and winter effects to bases and models.
Techniques,speed-painting,Speed Painting,Fast painting techniques to get armies table-ready quickly.
Techniques,washes,Washes,Using washes and shades for quick shading in recesses.
Techniques,weathering,Weathering,"Weathering techniques for adding wear, damage, and environmental effects to models."
Techniques,wood,Wood,Painting wood grain and wooden surfaces.
Techniques,zenithal,Zenithal,Zenithal priming technique - black primer with white from above for natural lighting.
Hobby Activities,3d-printing,3D Printing,"Resin and FDM 3D printing for miniatures, terrain, and hobby projects."
Hobby Activities,building,Building,Assembling and constructing miniatures and models.
Hobby Activities,hobby-tools,Hobby Tools,"Tools, supplies, and equipment for miniature hobbying."
Hobby Activities,kitbashing,Kitbashing,Converting and combining parts from different kits to create unique models.
Hobby Activities,magnetizing,Magnetizing,Adding magnets to miniatures for swappable weapons and transport.
Hobby Activities,model-prep,Model Prep,"Preparing models - cleaning, gap filling, mould line removal."
Hobby Activities,movement-trays,Movement Trays,Building and using movement trays for rank-and-file units.
Hobby Activities,priming,Priming,Priming miniatures with spray or brush-on primer before painting.
Hobby Activities,resin-casting,Resin Casting,Casting miniatures and bases using silicone molds and resin.
Hobby Activities,stripping,Stripping,Stripping paint from miniatures to repaint or rescue old models.
Hobby Activities,terrain,Terrain,Building and painting terrain pieces for tabletop gaming.
Hobby Activities,workspace,Workspace,"Hobby workspace setup, organization, and optimization."
Content Types,battle-report,Battle Report,Game reports and battle recaps from tabletop gaming sessions.
Content Types,buying-selling,Buying & Selling,"Tips and content about buying, selling, and trading miniatures."
Content Types,campaign,Campaign,Content related to ongoing tabletop RPG campaigns.
Content Types,competition,Competition,Painting and modeling competitions.
Content Types,event-photos,Event Photos,Photos and coverage from gaming events and tournaments.
Content Types,giveaway,Giveaway,Giveaways and community contests.
Content Types,hobby-motivation,Hobby Motivation,Motivational content about staying inspired and productive in the hobby.
Content Types,live-stream,Live Stream,Recordings and content from live streaming sessions.
Content Types,resources,Resources,"Helpful resources, guides, and reference materials for hobbyists."
Content Types,review,Review,"Reviews of games, models, paints, and hobby products."
Content Types,rpg-session,RPG Session,Tabletop RPG actual play sessions and campaign content.
Content Types,showcase,Showcase,Showcasing finished miniatures and completed projects.
Content Types,strategy,Strategy,Tactical and strategic content for tabletop gaming.
Content Types,tips,Tips,Quick tips and advice for miniature painting and hobbying.
Content Types,tutorial,Tutorial,Step-by-step guides and instructional content for painting and hobbying.
Content Types,unboxing,Unboxing,Unboxing and first looks at new miniatures and hobby products.
Content Types,vlog,Vlog,"Video blog content covering hobby progress, thoughts, and updates."
Content Types,work-in-progress,Work in Progress,Work-in-progress updates on ongoing painting and hobby projects.
Brands & Products,army-painter,The Army Painter,Content using The Army Painter paints and products.
Brands & Products,liquid-chrome,Liquid Chrome,Content using Molotow Liquid Chrome and similar chrome-finish products.
Brands & Products,scale-75,Scale75,Content using Scale75 paints and products.
Brands & Products,vallejo,Vallejo,Content using Vallejo paints and products.
