id,category,pubDate,title,tags,suggested_tags
articles/online-painting-competitions-2026.mdx,Articles,2026-03-12,Online Miniature Painting & Modeling Competitions for 2026,"painting, competition, community","painting, competition, community"
articles/rss-feeds.mdx,Articles,2026-03-20,RSS Feeds,resources,resources
vlogs/do-you-play-solo-or-coop-rpgs.mdx,Gaming,2026-01-20,Do You Play Solo or Co-op RPGs and War Games?,"solo-rpg, coop-games, kingdom-death, forbidden-psalm, rangers-of-shadow-deep, dolmenwood","solo-rpg, coop-games, kingdom-death, forbidden-psalm, rangers-of-shadow-deep, dolmenwood"
vlogs/international-lego-day-and-kdm-episode-6.mdx,Kingdom Death,2026-01-29,International Lego Day and KDM Episode 6,"kingdom-death, kdm-hesychia, lego, solo-rpg, game-design, white-lion","kingdom-death, kdm-hesychia, lego, solo-rpg, ttrpg, white-lion"
vlogs/kdm-episode-7.mdx,Kingdom Death,2026-01-29,KDM Episode 7: Settlement Phase and Party Building,"kingdom-death, kdm-hesychia, solo-rpg, settlement-phase","kingdom-death, kdm-hesychia, solo-rpg, settlement-phase"
vlogs/kdm-episode-8-screaming-antelope-hunt-phase.mdx,Kingdom Death,2026-02-01,KDM Episode 8: Screaming Antelope Hunt Phase,"kingdom-death, kdm-hesychia, solo-rpg, hunt-phase, screaming-antelope","kingdom-death, kdm-hesychia, solo-rpg, hunt-phase, screaming-antelope"
vlogs/kdm-settlement-1-ep-3-our-first-hunt.mdx,Kingdom Death,2026-01-25,KDM Settlement 1 Episode 3 - Our First Hunt,"kingdom-death, kdm-hesychia, solo-rpg, board-games, hunt-phase","kingdom-death, kdm-hesychia, solo-rpg, board-games, hunt-phase"
vlogs/kingdom-death-monster-blind-playthrough-part1-setup.mdx,Kingdom Death,2026-01-22,Kingdom Death Monster Blind Playthrough Part 1: Setup,"kingdom-death, kdm-hesychia, solo-rpg, board-games, unboxing, hobby-organization","kingdom-death, kdm-hesychia, solo-rpg, board-games, unboxing, workspace"
vlogs/kingdom-death-monster-episode-4.mdx,Kingdom Death,2026-01-27,Kingdom Death Monster Episode 4,"kingdom-death, kdm-hesychia, solo-rpg, board-games, showdown, white-lion, settlement-reset","kingdom-death, kdm-hesychia, solo-rpg, board-games, showdown, white-lion, settlement-reset"
vlogs/kingdom-death-monster-episode-5.mdx,Kingdom Death,2026-01-27,Kingdom Death Monster - Episode 5,"kingdom-death, kdm-hesychia, solo-rpg, white-lion, showdown","kingdom-death, kdm-hesychia, solo-rpg, white-lion, showdown"
vlogs/kingdom-death-monster-settlement-1-ep-2.mdx,Kingdom Death,2026-01-24,Kingdom Death Monster - Settlement 1 Episode 2,"kingdom-death, kdm-hesychia, solo-rpg, board-games, settlement-phase","kingdom-death, kdm-hesychia, solo-rpg, board-games, settlement-phase"
vlogs/kingdom-death-monster-settlement-1-episode-1.mdx,Kingdom Death,2026-01-23,Kingdom Death Monster: Settlement 1 - Episode 1,"kingdom-death, kdm-hesychia, solo-rpg, board-games, showdown, white-lion","kingdom-death, kdm-hesychia, solo-rpg, board-games, showdown, white-lion"
vlogs/another-dolmenwood-miniature-done.mdx,Miniature Painting,2026-01-17,Painting Illuminated Text and Magical Pipe Smoke,"dolmenwood, painting, freehand, illuminated-text, pipe-smoke, effects","dolmenwood, painting, freehand, illuminated-text, pipe-smoke, effects"
vlogs/beware-the-monolith-bearer.mdx,Projects,2026-02-22,Beware the Monolith Bearer,"kitbashing, conversion, sculpting, modeling-compound, green-stuff, basing","kitbashing, conversion, sculpting, modeling-compound, green-stuff, basing"
vlogs/building-kingdom-death-survivors.mdx,Projects,2026-02-02,Building Kingdom Death Survivors,"kingdom-death, miniature-building, kitbashing, posing, tips, 3d-printing, lego","kingdom-death, building, kitbashing, posing, tips, 3d-printing, lego"
vlogs/casting-daemon-heads.mdx,Projects,2026-02-17,Casting Daemon Heads,"resin-casting, mold-making, sculpting, conversion, kitbashing, hobgoblin","resin-casting, mold-making, sculpting, conversion, kitbashing, hobgoblin"
vlogs/casting-my-own-bases.mdx,Projects,2025-10-17,Casting My Own Bases,"resin-casting, basing, chaos-toad, smooth-on, buying-selling","resin-casting, basing, chaos-toad, smooth-on, buying-selling"
vlogs/dolmenwood-pokedex-project-ep-1.mdx,Projects,2026-01-04,Dolmenwood Pokédex Project Ep 1,"dolmenwood, slap-chop, speed-painting, contrast-paints, painting","dolmenwood, slap-chop, speed-painting, contrast-paints, painting"
vlogs/expanding-our-tile-into-a-full-game-board.mdx,Projects,2025-09-19,Expanding Our Tile Into a Full Game Board,"terrain, game-board, modular, foam, scratch-building","terrain, game-board, modular, foam, building"
vlogs/finishing-paint-on-the-shack.mdx,Projects,2025-12-04,Finishing Paint on the Shack,"terrain, metallic, liquid-chrome, love-shack, led-lights, objective-marker","terrain, metallic, liquid-chrome, love-shack, led-lights, objective-marker"
vlogs/finishing-the-daemon-prince-and-mail-day.mdx,Projects,2026-02-18,Finishing the Daemon Prince and Mail Day,"sculpting, green-stuff, conversion, daemon-prince, hobgoblin, children-of-gomb, mail-day, smash-rash, miscast, inq28","sculpting, green-stuff, conversion, daemon-prince, hobgoblin, children-of-gomb, unboxing, smashbash, miscast, inq28"
vlogs/finishing-touches-in-the-movement-trays.mdx,Projects,2026-03-02,Finishing Touches in the Movement Trays,"movement-trays, basing, tufts, gamers-grass, pillillage, midgard, historical-miniatures, victrix, warmachine, magnets","movement-trays, basing, tufts, gamers-grass, pillage, midgard, historical-miniatures, victrix, warmachine, magnets"
vlogs/fixing-warped-terrain-boards.mdx,Projects,2025-09-20,Fixing Warped Terrain Boards,"terrain, warping, problem-solving, mdf, modular","terrain, warping, problem-solving, mdf, modular"
vlogs/i-built-90-goblins-in-5-days.mdx,Projects,2025-10-09,I Built 90 Goblins in 5 Days,"goblins, old-world, assembly, batch-building, time-lapse","goblins, old-world, assembly, batch-building, time-lapse"
vlogs/i-created-my-first-miniature-thing.mdx,Projects,2026-02-21,I Created My First Miniature Thing,"resin-casting, resin, mold-making, daemon-prince, sculpting, conversion, monolith-bearer, hobby-rock","resin-casting, mold-making, daemon-prince, sculpting, conversion, monolith-bearer"
vlogs/i-finally-painted-a-goblin.mdx,Projects,2025-10-23,I Finally Painted a Goblin,"goblins, painting, skin-tones, old-world, vampire-counts","goblins, painting, skin-tones, old-world, vampire-counts"
vlogs/i-finished-the-daemon-prince.mdx,Projects,2026-03-12,I Finished the Daemon Prince,"daemon-prince, children-of-gomb, painting, basing, dirty-down, hobgoblin, inq28","daemon-prince, children-of-gomb, painting, basing, dirty-down, hobgoblin, inq28"
vlogs/i-spent-an-entire-day-painting-tongues.mdx,Projects,2025-10-15,I Spent an Entire Day Painting Tongues,"squigs, painting, tongues, old-world, batch-painting","squigs, painting, tongues, old-world, speed-painting"
vlogs/kingdom-death-monster-1st-butcher-fight-part-1.mdx,Projects,2026-02-08,Kingdom Death Monster: 1st Butcher Fight - Part 1,"kingdom-death, butcher, showdown, board-games, solo-rpg, blind-playthrough, boss-fight","kingdom-death, butcher, showdown, board-games, solo-rpg, ttrpg, boss-fight"
vlogs/kingdom-death-monster-antelope-fight.mdx,Projects,2026-02-04,Kingdom Death Monster: Antelope Fight,"kingdom-death, screaming-antelope, showdown, board-games, solo-rpg, blind-playthrough","kingdom-death, screaming-antelope, showdown, board-games, solo-rpg, ttrpg"
vlogs/kingdom-death-monster-butcher.mdx,Projects,2026-02-09,Kingdom Death Monster: Butcher (Part 2),"kingdom-death, butcher, showdown, board-games, solo-rpg, blind-playthrough, boss-fight","kingdom-death, butcher, showdown, board-games, solo-rpg, ttrpg, boss-fight"
vlogs/kingdom-death-monster-lantern-year-4-settlement-phase.mdx,Projects,2026-02-05,Kingdom Death Monster: Lantern Year 4 Settlement Phase,"kingdom-death, settlement-phase, board-games, solo-rpg, blind-playthrough","kingdom-death, settlement-phase, board-games, solo-rpg, ttrpg"
vlogs/kingdom-death-monster-lantern-year-5.mdx,Projects,2026-02-12,Kingdom Death Monster - Lantern Year 5,"kingdom-death, screaming-antelope, showdown, board-games, solo-rpg, blind-playthrough","kingdom-death, screaming-antelope, showdown, board-games, solo-rpg, ttrpg"
vlogs/making-a-board-for-motley-crews.mdx,Projects,2025-09-13,Making a Board for Motley Crews,"terrain, molly-crew, foam, hot-wire, scratch-building","terrain, motley-crews, foam, hot-wire, building"
vlogs/making-some-additions-to-the-board.mdx,Projects,2025-11-10,Making Some Additions to the Board,"terrain, molly-crew, scatter-terrain, foam, demon-prints","terrain, motley-crews, scatter-terrain, foam, demon-prints"
vlogs/midnight-kitbashing-continues.mdx,Projects,2025-10-01,"Ogryn Kitbash Part 2: Shoulders, Staff, and Story","kitbashing, conversion, necromunda, inq28, green-stuff","kitbashing, conversion, necromunda, inq28, green-stuff"
vlogs/midnight-kitbashing.mdx,Projects,2025-09-30,Kitbashing an Ogryn with a Cursed City Head,"kitbashing, conversion, warhammer, green-stuff, ogryn","kitbashing, conversion, warhammer, green-stuff, ogryn"
vlogs/monster-friends-energy-counter.mdx,Projects,2026-05-12,Monster Friends Energy Counter,"monster-friends, 3d-printing, tokens, diy","monster-friends, 3d-printing, tokens, diy"
vlogs/more-daemon-prince-progress.mdx,Projects,2026-02-14,More Daemon Prince Progress,"daemon-prince, sculpting, green-stuff, children-of-gomb, hobgoblin, conversion, inq28","daemon-prince, sculpting, green-stuff, children-of-gomb, hobgoblin, conversion, inq28"
vlogs/necromunda-kitbashing-and-giveaway-winners.mdx,Projects,2025-11-07,Necromunda Kitbashing & Giveaway Winners,"necromunda, kitbashing, conversion, giveaway, venators, bits-box","necromunda, kitbashing, conversion, giveaway, venators, bits-box"
vlogs/new-army-project-officially-started.mdx,Projects,2025-11-15,New Army Project Officially Started,"warmachine, dusk, army-building, frozen-and-forgotten","warmachine, dusk, army-building, frozen-and-forgotten"
vlogs/preshading-90-goblins.mdx,Projects,2025-10-20,Preshading 90 Goblins,"airbrushing, preshading, goblins, squigs, old-world, zenithal","airbrushing, preshading, goblins, squigs, old-world, zenithal"
vlogs/return-of-the-cubes.mdx,Projects,2025-11-12,Return of the Cubes,"terrain, molly-crew, scatter-terrain, weathering, hobby-organization","terrain, motley-crews, scatter-terrain, weathering, workspace"
vlogs/revisiting-trench-crusade-warband.mdx,Projects,2025-11-14,Revisiting Trench Crusade Warband,"trench-crusade, trench-pilgrims, touch-ups, painting, warband","trench-crusade, trench-pilgrims, touch-ups, painting, warband"
vlogs/scratch-building-a-wargame-board-almost-ready-for-paint.mdx,Projects,2025-09-23,Scratch Building a Wargame Board - Almost Ready for Paint,"terrain, scratch-building, board, plaster, tutorial","terrain, building, board, plaster, tutorial"
vlogs/sculpting-toes.mdx,Projects,2026-02-15,Sculpting Toes,"sculpting, daemon-prince, green-stuff, children-of-gomb, hobgoblin, conversion, inq28","sculpting, daemon-prince, green-stuff, children-of-gomb, hobgoblin, conversion, inq28"
vlogs/starting-a-board-for-necropolis.mdx,Projects,2026-02-19,Starting a Board for Necropolis,"necropolis, terrain, game-board, skirmish-game, solo-rpg, foam","necropolis, terrain, game-board, skirmish-game, solo-rpg, foam"
vlogs/starting-my-entry-for-children-of-gomb.mdx,Projects,2026-02-10,Starting My Entry for Children of Gomb,"children-of-gomb, hobgoblin, sculpting, green-stuff, conversion, miscast, hobby-challenge, inq28","children-of-gomb, hobgoblin, sculpting, green-stuff, conversion, miscast, hobby-challenge, inq28"
vlogs/starting-my-first-sculpting-project.mdx,Projects,2026-02-13,Starting My First Sculpting Project,"sculpting, green-stuff, daemon-prince, conversion, children-of-gomb, miscast, beginner, inq28","sculpting, green-stuff, daemon-prince, conversion, children-of-gomb, miscast, beginner, inq28"
vlogs/vlog-day-6-almost-done-with-the-board.mdx,Projects,2025-09-16,Vlog Day 6 - Almost Done with the Board,"terrain, airbrushing, streaking-grime, basalt, preshading","terrain, airbrushing, streaking-grime, basalt, preshading"
vlogs/working-on-ultimate-dungeon-terrain-and-a-whole-day-of-hobbying.mdx,Projects,2025-12-16,Working on Ultimate Dungeon Terrain & A Whole Day of Hobbying,"terrain, ultimate-dungeon-terrain, 3d-printing, sculpting, green-stuff, crucible-guard","terrain, ultimate-dungeon-terrain, 3d-printing, sculpting, green-stuff, crucible-guard"
resources/mageknight-army-checklist.mdx,Resources,2025-12-02,H0urg1ass's Army Checklist,"mage-knight, resources, wargaming","mage-knight, resources, wargaming"
resources/mageknight-army-themes.mdx,Resources,2025-12-02,H0urg1ass's Army Theme Guide,"mage-knight, resources, wargaming","mage-knight, resources, wargaming"
resources/mageknight-attacking-by-numbers.mdx,Resources,2025-12-02,Attacking by the Numbers,"mage-knight, resources, wargaming","mage-knight, resources, wargaming"
resources/mageknight-killing-uniques.mdx,Resources,2025-12-02,Guide to Maiming/Killing Uniques,"mage-knight, resources, wargaming","mage-knight, resources, wargaming"
resources/mageknight-meta-checklist.mdx,Resources,2025-11-30,Mage Knight 1.0 Meta Figure Checklist,"mage-knight, resources, wargaming","mage-knight, resources, wargaming"
resources/mageknight-meta.mdx,Resources,2025-11-20,Mage Knight 1.0 Final Meta,"mage-knight, resources, wargaming","mage-knight, resources, wargaming"
resources/mageknight-metals-checklist.mdx,Resources,2025-12-14,Mage Knight Metals Checklist,"mage-knight, resources, checklist","mage-knight, resources, checklist"
resources/mageknight-movement-positioning.mdx,Resources,2025-12-02,Bakerkenn's Guide to Movement and Positioning,"mage-knight, resources, wargaming","mage-knight, resources, wargaming"
resources/mageknight-resources.mdx,Resources,2025-12-06,Mage Knight 1.0 Resources,"mage-knight, resources, wargaming","mage-knight, resources, wargaming"
resources/mageknight-shades-melee-swarm.mdx,Resources,2025-12-02,Shades & Melee Swarm,"mage-knight, resources, wargaming","mage-knight, resources, wargaming"
resources/mageknight-shakti-strategy-tactics.mdx,Resources,2025-12-02,Shakti's Strategy & Tactics Guide,"mage-knight, resources, wargaming","mage-knight, resources, wargaming"
resources/mageknight-stormfox-newbie-guide.mdx,Resources,2025-12-02,Stormfox's Newbie Guide to Mage Knight,"mage-knight, resources, wargaming","mage-knight, resources, wargaming"
resources/mageknight-threat-counterthreat.mdx,Resources,2025-12-02,Threat and Counter-Threat,"mage-knight, resources, wargaming","mage-knight, resources, wargaming"
vlogs/cracking-dungeons-and-dragons-packs-from-1992.mdx,Reviews,2026-03-07,Cracking Dungeons & Dragons Packs from 1992,"dungeons-and-dragons, collection, nostalgia, dark-sun, ravenloft, dice, one-ring","dungeons-and-dragons, collection, dark-sun, ravenloft, dice, one-ring"
vlogs/dolmenwood-players-book-flip-through.mdx,Reviews,2025-12-12,Dolmenwood Players Book Flip Through,"dolmenwood, ttrpg, old-school-essentials, review, character-creation","dolmenwood, ttrpg, old-school-essentials, review"
vlogs/dolmenwood-unboxing.mdx,Reviews,2025-12-08,Dolmenwood Unboxing,"dolmenwood, unboxing, kickstarter, ttrpg, dice","dolmenwood, unboxing, kickstarter, ttrpg, dice"
vlogs/i-received-my-new-relic-blade-plastic-kits.mdx,Reviews,2026-03-16,I Received My New Relic Blade Plastic Kits,"relicblade, unboxing, metal-king-studio, review, plastic-kits","relicblade, unboxing, metal-king-studio, review, plastic-kits"
vlogs/these-miniatures-changed-how-i-looked-at-the-hobby.mdx,Reviews,2026-03-17,These Miniatures Changed How I Looked at the Hobby,"mold-mold-mold, smash-bash, indie-miniatures, inq28, unboxing, sunrot, hobby-philosophy","mold-making, smashbash, indie-miniatures, inq28, unboxing, sunrot"
vlogs/victrix-historical-miniatures-review.mdx,Reviews,2026-03-03,Victrix Historical Miniatures Review,"victrix, historical-miniatures, review, normans, dark-age, midgard","victrix, historical-miniatures, review, normans, dark-age, midgard"
vlogs/crucible-guard-base-test-results.mdx,Tips,2025-12-22,Crucible Guard Base Test Results,"3d-printing, crucible-guard, warmachine, basing, tips","3d-printing, crucible-guard, warmachine, basing, tips"
vlogs/daily-vlog-the-airbrush-lives-again-warhammer40k-miniature.mdx,Tips,2025-10-07,The $17 Airbrush Upgrade I Wish I'd Found Years Ago,"airbrushing, tools, tips, goblins, gear","airbrushing, tools, tips, goblins, gear"
vlogs/first-one-piece-event-prep.mdx,Tips,2026-01-10,First One Piece Event Prep,"one-piece-tcg, card-games, sealed-format, magic-the-gathering, event-recap","one-piece-tcg, card-games, sealed-format, magic-the-gathering, event-recap"
vlogs/get-a-small-win-every-day.mdx,Tips,2025-10-21,Get a Small Win Every Day,"motivation, goblins, mistakes, tips","hobby-motivation, goblins, mistakes, tips"
vlogs/how-to-start-playing-necromunda-easily.mdx,Tips,2025-11-05,How to Start Playing Necromunda Easily,"necromunda, tips, resources, gang-builder","necromunda, tips, resources, gang-builder"
vlogs/i-fixed-my-contrast-paint-problems.mdx,Tips,2025-10-27,I Fixed My Contrast Paint Problems,"contrast-paints, speed-painting, tips, brushes, goblins","contrast-paints, speed-painting, tips, brushes, goblins"
vlogs/limping-through-day-100-with-bases.mdx,Tips,2025-12-20,Limping Through Day 100 with Bases,"3d-printing, basing, lychee-slicer, vlog, crucible-guard","3d-printing, basing, lychee-slicer, vlog, crucible-guard"
vlogs/my-favorite-trench-crusade-bases.mdx,Tips,2025-12-02,My Favorite Trench Crusade Bases,"trench-crusade, basing, magnets, 3d-printing, legends-games","trench-crusade, basing, magnets, 3d-printing, legends-games"
vlogs/my-tips-on-buying-selling-trading-warhammer-miniatures.mdx,Tips,2025-10-29,"My Tips on Buying, Selling, Trading Warhammer Miniatures","buying-selling, reddit, trading, paypal, tips","buying-selling, reddit, trading, paypal, tips"
vlogs/other-ways-to-sell-your-hobby-stuff-besides-ebay.mdx,Tips,2026-02-04,Other Ways to Sell Your Hobby Stuff Besides eBay,"buying-selling, tips, wargaming, warmachine","buying-selling, tips, wargaming, warmachine"
vlogs/quick-base-work.mdx,Tips,2026-01-03,Quick Base Work,"basing, weathering, pigments, liquid-chrome, painting","basing, weathering, pigments, liquid-chrome, painting"
vlogs/staying-motivated-during-big-projects.mdx,Tips,2025-10-06,A Quick-Win Trick for Long Hobby Projects,"motivation, batch-building, tips, orcs, goblins, hobby-advice","hobby-motivation, batch-building, tips, orcs, goblins"
vlogs/vlog-update-prepping-models-for-mass-assembly.mdx,Tips,2025-10-05,Vlog Update - Prepping Models for Mass Assembly,"assembly, goblins, mold-lines, batch-building, tips, warmachine","assembly, goblins, mold-lines, batch-building, tips, warmachine"
vlogs/working-with-3d-prints.mdx,Tips,2025-11-11,Working with 3D Prints,"3d-printing, resin, repair, motivation, hobby-planning","3d-printing, resin-casting, repair, hobby-motivation, workspace"
example-with-media.mdx,Tutorials,2024-01-20,Example Post with Rich Media,tutorial,tutorial
vlogs/2-color-nmm-easy-peasy-style.mdx,Tutorials,2025-09-11,2 Color NMM Easy Peasy Style,"nmm, gold, tutorial, scale-75, technique, glazing","nmm, gold, tutorial, scale-75, technique, glazing"
vlogs/20-minute-purple-robe.mdx,Tutorials,2026-01-13,20 Minute Purple Robe,"speed-painting, dolmenwood, robes, contrast-paints, stippling, tutorial","speed-painting, dolmenwood, robes, contrast-paints, stippling, tutorial"
vlogs/airbrushing-speed-paints-to-easy-mode-horses.mdx,Tutorials,2026-03-18,Airbrushing Speed Paints to Easy Mode Horses,"airbrushing, speed-paints, army-painter, normans, horses, historical-miniatures","airbrushing, speed-painting, army-painter, normans, horses, historical-miniatures"
vlogs/almost-done-with-dolmenwood-breggle-mini.mdx,Tutorials,2026-01-16,Almost Done with Dolmenwood Breggle Mini,"dolmenwood, breggle, speed-painting, painting","dolmenwood, breggle, speed-painting, painting"
vlogs/daily-vlog-174-painting-purple-flesh.mdx,Tutorials,2026-03-04,Painting Purple Daemon Skin With Scale 75,"painting, scale-75, blending, glazing, daemon, purple, skin-tones, competition","painting, scale-75, blending, glazing, daemon, purple, skin-tones, competition"
vlogs/easy-mode-goblin-faces.mdx,Tutorials,2025-11-09,Easy Mode Goblin Faces,"painting, tutorial, goblins, skin-tones, speed-painting, old-world","painting, tutorial, goblins, skin-tones, speed-painting, old-world"
vlogs/getting-the-most-out-of-dirty-down-moss.mdx,Tutorials,2025-09-17,Getting the Most Out of Dirty Down Moss,"dirty-down, moss, terrain, heat-gun, tutorial","dirty-down, moss, terrain, heat-gun, tutorial"
vlogs/goblin-skin-recipe.mdx,Tutorials,2025-11-08,Goblin Skin Recipe,"painting, tutorial, goblins, skin-tones, speed-painting, recipe","painting, tutorial, goblins, skin-tones, speed-painting, recipe"
vlogs/how-i-clean-my-resin-3d-prints.mdx,Tutorials,2025-11-27,How I Clean My Resin 3D Prints,"3d-printing, resin, tutorial, cleaning, tips","3d-printing, resin-casting, tutorial, cleaning, tips"
vlogs/how-to-create-a-dolmenwood-character.mdx,Tutorials,2025-12-14,How to Create a Dolmenwood Character,"dolmenwood, ttrpg, character-creation, tutorial","dolmenwood, ttrpg, tutorial"
vlogs/how-to-glaze-for-fun-and-profit.mdx,Tutorials,2025-10-14,How to Glaze for Fun and Profit,"glazing, tutorial, squigs, skin-tones, technique, scale-75","glazing, tutorial, squigs, skin-tones, technique, scale-75"
vlogs/how-to-go-from-0-skills-to-recaster.mdx,Tutorials,2025-10-10,Vlog: How to Go from 0 Skills to Recaster,"resin-casting, mold-making, chaos-toad, tutorial, smooth-on","resin-casting, mold-making, chaos-toad, tutorial, smooth-on"
vlogs/how-to-make-scratch-built-terrain-indestructible.mdx,Tutorials,2025-12-18,How to Make Scratch Built Terrain Indestructible,"terrain, mod-podge, sealing, tips, wargaming-boards","terrain, mod-podge, sealing, tips, wargaming-boards"
vlogs/how-to-marble-paper.mdx,Tutorials,2025-11-30,How to Marble Paper,"book-binding, paper-marbling, tutorial, art","bookbinding, paper-marbling, tutorial, art"
vlogs/how-to-paint-brass-gold.mdx,Tutorials,2026-02-24,How to Paint Brass / Gold,"painting, tmm, brass, gold, drybrushing, washes, vallejo, monolith-bearer","painting, metal, brass, gold, dry-brushing, washes, vallejo, monolith-bearer"
vlogs/how-to-paint-bronze-part-2.mdx,Tutorials,2026-02-25,How to Paint Bronze Part 2,"painting, tmm, brass, bronze, drybrushing, patina, monolith-bearer","painting, metal, brass, bronze, dry-brushing, patina, monolith-bearer"
vlogs/how-to-paint-crucible-guard-green.mdx,Tutorials,2025-12-29,How to Paint Crucible Guard Green,"airbrushing, speed-painting, crucible-guard, warmachine, color-recipes, army-painter","airbrushing, speed-painting, crucible-guard, warmachine, color-recipes, army-painter"
vlogs/how-to-paint-leather-with-just-two-colors.mdx,Tutorials,2026-03-24,How to Paint Leather with Just Two Colors,"painting, leather, contrast-paints, speed-painting, tips, normans, tutorial","painting, leather, contrast-paints, speed-painting, tips, normans, tutorial"
vlogs/how-to-paint-pale-orc-flesh.mdx,Tutorials,2025-10-25,How to Paint Pale Orc Flesh,"orcs, tutorial, skin-tones, grim-dark, streaking-grime, age-of-sigmar","orcs, tutorial, skin-tones, grim-dark, streaking-grime, age-of-sigmar"
vlogs/how-to-paint-pale-orc-skin-orktober-paintingwarhammer-warhammer40k-ageofsigmar.mdx,Tutorials,2025-10-25,How to Paint Pale Orc Skin,"orcs, tutorial, skin-tones, grim-dark, streaking-grime, orktober","orcs, tutorial, skin-tones, grim-dark, streaking-grime, orktober"
vlogs/how-to-paint-red-airbrush-vs-drybrush.mdx,Tutorials,2025-10-13,How to Paint Red - Airbrush vs Drybrush,"tutorial, squigs, airbrushing, drybrushing, red, speed-painting","tutorial, squigs, airbrushing, dry-brushing, red, speed-painting"
vlogs/how-to-paint-talons-and-toesies.mdx,Tutorials,2026-03-06,How to Paint Talons & Toesies,"painting, talons, claws, daemon, washes, scratches, monolith-bearer, pillillage","painting, talons, claws, daemon, washes, scratches, monolith-bearer, pillage"
vlogs/how-to-paint-the-anchorite-shrine.mdx,Tutorials,2025-09-25,How to Paint the Anchorite Shrine,"trench-crusade, tutorial, streaking-grime, silver, wood, terrain","trench-crusade, tutorial, streaking-grime, silver, wood, terrain"
vlogs/how-to-paint-trench-crusade-communicant.mdx,Tutorials,2025-09-21,How to Paint Trench Crusade Communicant,"trench-crusade, tutorial, oil-wash, grim-dark, zorn-palette, skin-tones","trench-crusade, tutorial, oil-wash, grim-dark, zorn-palette, skin-tones"
vlogs/how-to-paint-trench-pilgrims-fast.mdx,Tutorials,2025-09-22,How to Paint Trench Pilgrims Fast,"trench-crusade, tutorial, oil-wash, streaking-grime, speed-painting, zorn-palette","trench-crusade, tutorial, oil-wash, streaking-grime, speed-painting, zorn-palette"
vlogs/how-to-prepare-bases-for-an-entire-army-quickly-and-cheaply.mdx,Tutorials,2025-10-04,How to Prepare Bases for an Entire Army Quickly and Cheaply,"basing, tutorial, army-painting, orcs, goblins","basing, tutorial, painting, orcs, goblins"
vlogs/how-to-strip-metal-models-call-to-arms-vlog-prep-day-1.mdx,Tutorials,2025-09-27,How to Strip Metal Models | Call to Arms Vlog Prep Day 1,"stripping, tutorial, metal-models, call-to-arms, tournament-prep, acetone","stripping, tutorial, metal-miniatures, call-to-arms, tournament-prep, acetone"
vlogs/how-to-turn-foam-to-stone.mdx,Tutorials,2025-09-15,How to Turn Foam to Stone,"terrain, foam, texture, tutorial, diorama","terrain, foam, texture, tutorial, diorama"
vlogs/how-to-use-dirty-down-rust-creating-blood-gore-part-2.mdx,Tutorials,2025-09-26,How to Use Dirty Down Rust + Creating Blood & Gore - Part 2,"dirty-down, rust, gore, trench-crusade, tutorial","dirty-down, rust, gore, trench-crusade, tutorial"
vlogs/make-your-own-base-texture.mdx,Tutorials,2025-09-28,Make Your Own Base Texture,"basing, tutorial, texture, budget-hobby","basing, tutorial, texture, budget-hobby"
vlogs/making-a-mold-to-recast-and-customize-miniatures.mdx,Tutorials,2026-02-16,Making a Mold to Recast and Customize Miniatures,"mold-making, resin-casting, daemon-prince, conversion, sculpting","mold-making, resin-casting, daemon-prince, conversion, sculpting"
vlogs/making-zines-is-easy-with-the-right-tools.mdx,Tutorials,2026-03-30,Making Zines Is Easy with the Right Tools,"zine-making, bookbinding, castle-grief, calarrath, diy, tutorial, crafting","zine-making, bookbinding, castle-grief, kal-arath, diy, tutorial, crafting"
vlogs/paint-a-trench-pilgrim-warband-in-2-hours.mdx,Tutorials,2025-09-24,Paint a Trench Pilgrim Warband in 2 Hours,"trench-crusade, tutorial, speed-painting, streaking-grime, liquid-chrome","trench-crusade, tutorial, speed-painting, streaking-grime, liquid-chrome"
vlogs/painting-a-belt-buckle.mdx,Tutorials,2025-11-25,Painting an NMM Belt Buckle With Scale 75 Grays,"painting, nmm, tutorial, belt-buckle, volumetric-painting, brush-control","painting, nmm, tutorial, belt-buckle, brush-control"
vlogs/painting-a-leather-belt.mdx,Tutorials,2025-11-24,Painting a Leather Belt,"leather, tutorial, infinity, painting-journey, richard-gray","leather, tutorial, infinity, painting, richard-gray"
vlogs/painting-butcher-klaus-minicrate.mdx,Tutorials,2025-12-06,Painting Butcher Klaus Minicrate,"warmachine, speed-painting, army-painter, kador, minicrate, butcher","warmachine, speed-painting, army-painter, kador, minicrate, butcher"
vlogs/painting-chaosy-green-marble.mdx,Tutorials,2026-03-11,Painting Chaosy Green Marble,"painting, marble-effect, children-of-gomb, scale-75, crystal, laser-engraver, hobgoblin, inq28","painting, marble-effect, children-of-gomb, scale-75, crystal, laser-engraving, hobgoblin, inq28"
vlogs/painting-creepy-cartoonish-skin.mdx,Tutorials,2026-03-05,Painting Creepy Cartoonish Skin,"painting, skin-tones, stippling, scale-75, sculpting, children-of-gomb, hobgoblin, inq28","painting, skin-tones, stippling, scale-75, sculpting, children-of-gomb, hobgoblin, inq28"
vlogs/painting-the-wood-on-the-love-shack.mdx,Tutorials,2025-12-03,Painting the Wood on The Love Shack,"terrain, contrast-paints, drybrushing, wood, love-shack, tutorial","terrain, contrast-paints, dry-brushing, wood, love-shack, tutorial"
vlogs/probably-not-the-worst-chainmail-tutorial-ever.mdx,Tutorials,2026-03-19,Probably Not the Worst Chainmail Tutorial Ever,"chainmail, painting, speed-paints, dry-brushing, molotow-liquid-chrome, normans, tutorial","chainmail, painting, speed-painting, dry-brushing, liquid-chrome, normans, tutorial"
vlogs/scenic-and-magnetic-movement-trays-part-1.mdx,Tutorials,2026-02-28,Scenic and Magnetic Movement Trays Part 1,"movement-trays, magnets, 3d-printing, midgard, basing, vallejo, tutorial","movement-trays, magnets, 3d-printing, midgard, basing, vallejo, tutorial"
vlogs/scenic-movement-trays-part-2.mdx,Tutorials,2026-03-01,Scenic Movement Trays Part 2,"movement-trays, basing, vallejo, gamers-grass, drybrushing, midgard, 3d-printing","movement-trays, basing, vallejo, gamers-grass, dry-brushing, midgard, 3d-printing"
vlogs/simple-lego-minifig-bases-for-dnd.mdx,Tutorials,2026-01-21,Simple Lego Minifig Bases for D&D,"lego, dungeons-and-dragons, basing, tutorial, terrain","lego, dungeons-and-dragons, basing, tutorial, terrain"
vlogs/starting-the-year-with-true-metal-metallics.mdx,Tutorials,2026-01-01,Starting the Year with True Metal Metallics,"tmm, warmachine, crucible-guard, warjacks, speed-painting, new-year","metal, warmachine, crucible-guard, warjacks, speed-painting, new-year"
vlogs/the-best-snow-effect-ever.mdx,Tutorials,2025-12-05,The Best Snow Effect Ever,"terrain, snow-effects, crushed-glass, tutorial, love-shack, weathering","terrain, snow-effects, crushed-glass, tutorial, love-shack, weathering"
vlogs/the-jankiest-rust-tutorial-ever.mdx,Tutorials,2025-10-28,The Jankiest Rust Tutorial Ever,"rust, tutorial, dirty-down, weathering, goblins, speed-painting","rust, tutorial, dirty-down, weathering, goblins, speed-painting"
vlogs/trench-crusade-bases-weathering-finishing-our-warband-part-1.mdx,Tutorials,2025-09-26,Trench Crusade Bases & Weathering - Finishing our Warband Part 1,"trench-crusade, weathering, pigments, tutorial, nilakh-oxide, basing","trench-crusade, weathering, pigments, tutorial, nilakh-oxide, basing"
vlogs/using-tarot-cards-and-casting-bones-to-create-deeper-roleplaying-characters.mdx,Tutorials,2025-12-12,Using Tarot Cards & Casting Bones to Create Deeper Roleplaying Characters,"dolmenwood, ttrpg, character-creation, tarot, solo-rpg, divination","dolmenwood, ttrpg, tarot, solo-rpg, divination"
vlogs/100-sub-giveaway-and-2026-goals.mdx,Vlogs,2026-01-05,100 Sub Giveaway and 2026 Goals,"giveaway, hobby-planning, warmachine, crucible-guard, old-world","giveaway, workspace, warmachine, crucible-guard, old-world"
vlogs/3d-printing-kdm-terrain.mdx,Vlogs,2026-02-07,3D Printing KDM Terrain,"3d-printing, kingdom-death, terrain, resin-printing","3d-printing, kingdom-death, terrain"
vlogs/3d-printing-kind-of-sucks.mdx,Vlogs,2025-11-04,3D Printing Kind of Sucks,"3d-printing, resin, hobby-thoughts, hobby-planning, personal","3d-printing, resin-casting, workspace"
vlogs/40-minute-painting-tutorial.mdx,Vlogs,2026-05-20,40 minute painting tutorial,"painting, glazing, infinity","painting, glazing, infinity"
vlogs/a-christmas-oil-wash.mdx,Vlogs,2025-12-25,A Christmas Oil Wash,"terrain, oil-wash, vlog, christmas, wargaming-boards","terrain, oil-wash, vlog, christmas, wargaming-boards"
vlogs/almost-done-with-the-first-mini-of-2026.mdx,Vlogs,2026-01-02,Almost Done with the First Mini of 2026,"warmachine, crucible-guard, edge-highlighting, washes, vlog, dolmenwood","warmachine, crucible-guard, edge-highlighting, washes, vlog, dolmenwood"
vlogs/almost-done.mdx,Vlogs,2026-05-24,Almost done,"painting, glazing, infinity","painting, glazing, infinity"
vlogs/anime-filler-episode.mdx,Vlogs,2026-05-03,"Prima Materia Dice, Orc the Brand, and a Foam Haul","work-in-progress, necromunda, terrain, building","work-in-progress, necromunda, terrain, building"
vlogs/another-board-done.mdx,Vlogs,2025-12-26,Finishing a Mossy Terrain Board With an Oil Wash,"terrain, oil-wash, vlog, wargaming-boards","terrain, oil-wash, vlog, wargaming-boards"
vlogs/another-easy-way-to-paint-faces.mdx,Vlogs,2026-05-11,Another easy way to paint faces,"eyes, painting, airbrushing, washes, glazing, metal, orcs-and-goblins","eyes, painting, airbrushing, washes, glazing, metal, orcs-and-goblins"
vlogs/another-new-project-kinda.mdx,Vlogs,2026-03-10,A Surprise Laser Engraver (and Near-Toxic Gas),"laser-engraver, basing, painting, random-hobby-day","laser-engraving, basing, painting"
vlogs/another-random-hobby-day.mdx,Vlogs,2026-02-23,"Iso Alcohol Mud Texture, a Studio Cleanup, and a Giveaway","3d-printing, hobby-organization, terrain, board-building, cleaning, giveaway, kingdom-death, midgard, warmachine","3d-printing, workspace, terrain, board-building, cleaning, giveaway, kingdom-death, midgard, warmachine"
vlogs/april-3-2026.mdx,Vlogs,2026-04-03,Building Terrain in the Sun,"building, terrain","building, terrain"
vlogs/asmr-drybrushing.mdx,Vlogs,2025-12-24,ASMR Drybrushing,"terrain, drybrushing, vlog, christmas-eve, wargaming-boards","terrain, dry-brushing, vlog, christmas-eve, wargaming-boards"
vlogs/bald-man-rants-about-ai.mdx,Vlogs,2026-01-08,Bald Man Rants About AI,"ai, generative-ai, creativity, painting, warmachine","ai, hobby-motivation, painting, warmachine"
vlogs/basing-and-life-tips.mdx,Vlogs,2026-01-07,Basing and Life Tips,"basing, flock, vlog, motivation, painting","basing, flock, vlog, hobby-motivation, painting"
vlogs/bellwoken-whimsical-army-set.mdx,Vlogs,2026-05-30,Bellwoken: A New Whimsical Army Set for Your Wargames,,
vlogs/building-and-cleaning-today.mdx,Vlogs,2025-11-16,Building and Cleaning Today,"hobby-organization, model-building, vlog","workspace, building, vlog"
vlogs/building-and-paint-prep-day.mdx,Vlogs,2025-12-27,Building and Paint Prep Day,"vlog, trench-crusade, crucible-guard, warmachine, model-building, hobby-planning","vlog, trench-crusade, crucible-guard, warmachine, building, workspace"
vlogs/building-more-figures-for-trench-crusade.mdx,Vlogs,2025-11-19,Building More Figures for Trench Crusade,"trench-crusade, model-building, mage-knight, chainmail, trench-pilgrims","trench-crusade, building, mage-knight, chainmail, trench-pilgrims"
vlogs/building-sunrot-miscast-and-newest-gardens-of-hecate-minis.mdx,Vlogs,2026-03-28,"Building Sunrot, Miscast, and Gardens of Hecate Minis","building, sunrot, miscast, gardens-of-hecate, miniatures, hobby-zen, model-prep","building, sunrot, miscast, gardens-of-hecate, miniatures, model-prep"
vlogs/ceiling-fan-wisdom.mdx,Vlogs,2026-04-08,Ceiling Fan Wisdom,painting,painting
vlogs/channel-update.mdx,Vlogs,2026-02-12,Channel Update,"personal, hobby-nomicon, kingdom-death, warmachine, motivation","kingdom-death, warmachine, hobby-motivation"
vlogs/coffee-cup-part-1.mdx,Vlogs,2026-05-16,Coffee Cup Part 1,"monster-friends, 3d-printing, tokens, painting, pre-shading, basing","monster-friends, 3d-printing, tokens, painting, preshading, basing"
vlogs/coffee-cup.mdx,Vlogs,2026-05-22,Coffee cup,painting,painting
vlogs/creating-space-for-creativity.mdx,Vlogs,2025-10-03,What 20 Days of Daily Vlogging Taught Me About Creativity,"creativity, motivation, the-war-of-art, orcs","hobby-motivation, orcs"
vlogs/currently-on-the-work-bench.mdx,Vlogs,2026-06-02,Currently on the work bench,orcs-and-goblins,orcs-and-goblins
vlogs/daily-hobby-vlog-161.mdx,Vlogs,2026-02-20,Salvaging an Old Shelf Into a 16x16 Game Board,"vlog, resin-casting, terrain, board-building, problem-solving, mdf","vlog, resin-casting, terrain, board-building, problem-solving, mdf"
vlogs/daily-hobby-vlog-fixing-some-problems-and-causing-more.mdx,Vlogs,2025-10-11,Re-Cutting a Toad Mold and Gluing Goblins Wrong,"resin-casting, mold-making, goblins, basing, mistakes, sculpting","resin-casting, mold-making, goblins, basing, mistakes, sculpting"
vlogs/daily-hobby-vlog-march-13th.mdx,Vlogs,2026-03-13,Relic Blade Launch Day and Glazing Maximus,"relicblade, infinity, commission, painting, glazing, maximus","relicblade, infinity, commission, painting, glazing, maximus"
vlogs/daily-hobby-vlog-update-1.mdx,Vlogs,2026-04-19,Daily Hobby Vlog Update — April 18,work-in-progress,work-in-progress
vlogs/daily-hobby-vlog-update.mdx,Vlogs,2026-04-22,Daily Hobby Vlog Update — April 21,work-in-progress,work-in-progress
vlogs/day-4-vlog.mdx,Vlogs,2025-09-14,Magnetizing Bases and Fixing a Foam Board Disaster,"vlog, magnets, molly-crew, foam, gratitude","vlog, magnets, motley-crews, foam"
vlogs/dolmenwood-official-figures-dolmenwood-miniature-dungeonsanddragons.mdx,Vlogs,2025-12-10,Dolmenwood official figures. #dolmenwood #miniature #dungeonsanddragons,"dolmenwood, wood","dolmenwood, wood"
vlogs/failed-attempt-at-nmm-tutorial.mdx,Vlogs,2026-04-25,Failed attempt at NMM tutorial,"painting, metal, airbrushing, glazing, showcase, nmm, eyes","painting, metal, airbrushing, glazing, showcase, nmm, eyes"
vlogs/final-mail-day-for-a-while.mdx,Vlogs,2026-03-27,Final Mail Day for a While,"unboxing, gardens-of-hecate, meridian-miniatures, andrew-may, relicblade, warmachine, miniatures","unboxing, gardens-of-hecate, meridian-miniatures, andrew-may, relicblade, warmachine, miniatures"
vlogs/finally-primed-the-orcs-and-goblins.mdx,Vlogs,2025-10-19,Finally Primed the Orcs & Goblins,"airbrushing, priming, orcs, goblins, creos-771, unboxing","airbrushing, priming, orcs, goblins, creos-771, unboxing"
vlogs/finding-ways-to-make-progress.mdx,Vlogs,2025-10-02,"When the Airbrush Breaks, Paint a 20-Year-Old Goblin","orcs, goblins, motivation, kitbashing, warhammer","orcs, goblins, hobby-motivation, kitbashing, warhammer"
vlogs/finishing-up-random-projects-before-starting-the-next-one.mdx,Vlogs,2025-11-22,Finishing Up Random Projects Before Starting the Next One,"maps, framing, 3d-printing, warmachine, hobby-organization, golden-demon","maps, framing, 3d-printing, warmachine, workspace, golden-demon"
vlogs/finishing-up-the-dnd-cards.mdx,Vlogs,2026-03-08,Finishing Up the D&D Cards,"dungeons-and-dragons, collection, dark-sun, ravenloft, mail-day, sunrot","dungeons-and-dragons, collection, dark-sun, ravenloft, unboxing, sunrot"
vlogs/finishing-up-the-nmm.mdx,Vlogs,2026-05-21,Finishing up the NMM,painting,painting
vlogs/first-live-stream.mdx,Vlogs,2025-09-29,First Live Stream,"priming, livestream","priming, live-stream"
vlogs/giveaway-winner.mdx,Vlogs,2026-01-14,Giveaway Winner!,"giveaway, milestone, mage-knight, cleaning, terrain, warmachine","giveaway, milestone, mage-knight, cleaning, terrain, warmachine"
vlogs/gw-got-me-again.mdx,Vlogs,2026-04-23,GW got me again,"warhammer, orcs-and-goblins, snow-effects, kitbashing, building, terrain, painting","warhammer, orcs-and-goblins, snow-effects, kitbashing, building, terrain, painting"
vlogs/halloween-channel-update.mdx,Vlogs,2025-10-31,Halloween Channel Update,"halloween, goblins, warmachine, competition","halloween, goblins, warmachine, competition"
vlogs/highlighting-black.mdx,Vlogs,2026-04-20,Highlighting black,"painting, glazing, eyes, orcs-and-goblins, blending, model-prep, metal","painting, glazing, eyes, orcs-and-goblins, blending, model-prep, metal"
vlogs/highlighting-red.mdx,Vlogs,2026-04-15,Highlighting red,"painting, orcs-and-goblins, edge-highlighting, airbrushing, dry-brushing, washes, metal","painting, orcs-and-goblins, edge-highlighting, airbrushing, dry-brushing, washes, metal"
vlogs/hobbinomicon-com.mdx,Vlogs,2026-05-18,Hobbinomicon.com,"site-update, indie-games, warmachine, steamforged-games, unboxing","indie-games, warmachine, steamforged-games, unboxing"
vlogs/hobby-hang-out-clips.mdx,Vlogs,2026-03-14,Hobby Hang Out Clips,"painting, infinity, commission, glazing, edge-highlighting, maximus","painting, infinity, commission, glazing, edge-highlighting, maximus"
vlogs/hobby-vlog-and-terrain-inspiration.mdx,Vlogs,2026-03-20,Hobby Vlog and Terrain Inspiration,"chainmail, painting, speed-paints, normans, relicblade, terrain-inspiration","chainmail, painting, speed-painting, normans, relicblade, terrain-inspiration"
vlogs/hobby-vlog-day-117.mdx,Vlogs,2026-01-06,Hobby Vlog Day 117,"dolmenwood, vlog, basing, flock, warmachine, dusk, hobby-planning","dolmenwood, vlog, basing, flock, warmachine, dusk, workspace"
vlogs/hobby-vlog-day-148.mdx,Vlogs,2026-02-06,Hobby Vlog Day 148,"vlog, 3d-printing, kingdom-death, lego, unboxing, butcher","vlog, 3d-printing, kingdom-death, lego, unboxing, butcher"
vlogs/hobby-vlog-day-79.mdx,Vlogs,2025-11-28,Hobby Vlog Day 79,"trench-crusade, vlog, book-of-antithesis, hobby-organization, ttrpg, dolmenwood","trench-crusade, vlog, book-of-antithesis, workspace, ttrpg, dolmenwood"
vlogs/hobby-vlog-day-95.mdx,Vlogs,2025-12-16,Hobby Vlog Day 95,"dolmenwood, ttrpg, character-creation, vlog","dolmenwood, ttrpg, vlog"
vlogs/hobby-vlogging.mdx,Vlogs,2025-10-16,Rebasing 60 Goblins and Pouring a Base Mold,"goblins, basing, mold-making, glazing, mangler-squigs, orcs","goblins, basing, mold-making, glazing, mangler-squigs, orcs"
vlogs/how-not-to-paint-yellow-warmachine-update.mdx,Vlogs,2026-01-15,How Not to Paint Yellow / Surprise Warmachine Update Thoughts,"painting, yellow, warmachine, dolmenwood, breggle","painting, yellow, warmachine, dolmenwood, breggle"
vlogs/how-to-get-better-by-playing-yourself.mdx,Vlogs,2026-04-10,How to Get Better by Playing Yourself,"warmachine, snow-effects, terrain, orcs-and-goblins, resin-casting, battle-report, menoth","warmachine, snow-effects, terrain, orcs-and-goblins, resin-casting, battle-report, menoth"
vlogs/how-to-paint-white-robes.mdx,Vlogs,2026-04-03,How to Paint White Robes,"painting, cloth, glazing, orcs-and-goblins, airbrushing, basing, live-stream","painting, cloth, glazing, orcs-and-goblins, airbrushing, basing, live-stream"
vlogs/how-to-speed-paint-faces.mdx,Vlogs,2026-05-10,How to speed paint faces,"painting, eyes, glazing, tips, orcs-and-goblins, 3d-printing, hobby-tools","painting, eyes, glazing, tips, orcs-and-goblins, 3d-printing, hobby-tools"
vlogs/how-to-start-commission-painting-and-why-you-maybe-shouldn-t.mdx,Vlogs,2026-04-01,How to Start Commission Painting and Why You Maybe Shouldn't,"painting, buying-selling, snow-effects, terrain, orcs-and-goblins, warhammer, speed-painting","painting, buying-selling, snow-effects, terrain, orcs-and-goblins, warhammer, speed-painting"
vlogs/how-to-wash-bright-red.mdx,Vlogs,2026-04-11,How to Wash Bright Red,"washes, painting, airbrushing, battle-report, orcs-and-goblins, speed-painting, dusk","washes, painting, airbrushing, battle-report, orcs-and-goblins, speed-painting, dusk"
vlogs/i-can-paint-and-ramble-again.mdx,Vlogs,2026-05-09,I can paint and ramble again.,"painting, airbrushing, metal, 3d-printing, orcs-and-goblins, speed-painting, buying-selling","painting, airbrushing, metal, 3d-printing, orcs-and-goblins, speed-painting, buying-selling"
vlogs/i-cleaned-my-workbench.mdx,Vlogs,2026-03-31,I Cleaned My Workbench,"hobby-space, live-stream, warmachine, dusk, commission, smash-bash, sunrot","hobby-space, live-stream, warmachine, dusk, commission, smashbash, sunrot"
vlogs/i-finished-the-infinity-models.mdx,Vlogs,2026-05-26,I finished the infinity models,infinity,infinity
vlogs/i-m-late-but-this-is-so-good.mdx,Vlogs,2026-03-25,I’m late but this is so good.,,
vlogs/i-took-two-days-to-paint-a-candy-cane.mdx,Vlogs,2026-01-31,I Took Two Days to Paint a Candy Cane,"painting, hobby-streak, vlog, lego, butcher","painting, vlog, lego, butcher"
vlogs/if-you-can-make-it-through-today-you-can-make-it-through-tomorrow.mdx,Vlogs,2026-01-09,If You Can Make It Through Today You Can Make It Through Tomorrow,"motivation, hobby-streak, personal, warmachine","hobby-motivation, warmachine"
vlogs/im-not-a-competitive-wargamer-anymore.mdx,Vlogs,2026-01-19,I'm Not a Competitive Wargamer Anymore,"warmachine, competition, motivation, wargaming, painting, personal, commission","warmachine, competition, hobby-motivation, wargaming, painting, commission"
vlogs/infernal-diaries-day-1.mdx,Vlogs,2026-04-07,Infernal Diaries Day 1,"basing, painting, warmachine, orcs-and-goblins, snow-effects, 3d-printing, terrain","basing, painting, warmachine, orcs-and-goblins, snow-effects, 3d-printing, terrain"
vlogs/infernal-diaries-two-quick-channel-update.mdx,Vlogs,2026-04-27,Infernal diaries two - quick channel update.,"painting, event-photos, warmachine, orcs-and-goblins, dusk, work-in-progress","painting, event-photos, warmachine, orcs-and-goblins, dusk, work-in-progress"
vlogs/its-ok-to-not-paint-your-miniatures.mdx,Vlogs,2025-11-06,It's Ok to Not Paint Your Miniatures,"motivation, infinity","hobby-motivation, infinity"
vlogs/just-rambling.mdx,Vlogs,2025-09-18,A Game Board Turned Into Its Own World,"motivation, terrain, personal, community, mollog","hobby-motivation, terrain, community, mollog"
vlogs/just-showing-up-fixed-my-3d-printer.mdx,Vlogs,2025-10-18,Fixing My 3D Printer by Reflashing the Firmware,"3d-printing, troubleshooting, goblins, mordheim, hobby-streak","3d-printing, troubleshooting, goblins, mordheim"
vlogs/just-vloggin.mdx,Vlogs,2025-11-02,Just Vloggin,"mangler-squigs, goblins, old-world, vlog, gardens-of-hecati","mangler-squigs, goblins, old-world, vlog, gardens-of-hecate"
vlogs/kal-arath-episode-2.mdx,Vlogs,2026-05-04,Kal Arath Episode 2,"kal-arath, solo-rpg, rpg-session, prima-materia","kal-arath, solo-rpg, rpg-session, prima-materia"
vlogs/kal-arath-episode-4.mdx,Vlogs,2026-05-08,Kal Arath Episode 4,"kal-arath, solo-rpg, rpg-session, prima-materia","kal-arath, solo-rpg, rpg-session, prima-materia"
vlogs/kal-arath-live-play-episode-3.mdx,Vlogs,2026-05-05,Kal Arath Live Play Episode 3,"kal-arath, solo-rpg, rpg-session, prima-materia","kal-arath, solo-rpg, rpg-session, prima-materia"
vlogs/kal-arath-live-play-session-1.mdx,Vlogs,2026-04-17,Kal Arath Live Play Session 1,"snow-effects, weathering, orcs-and-goblins, metal, terrain, rpg-session, painting","snow-effects, weathering, orcs-and-goblins, metal, terrain, rpg-session, painting"
vlogs/keeping-the-hobby-streak-alive-1.mdx,Vlogs,2026-03-23,Keeping the hobby streak alive.,"glazing, edge-highlighting, tips, infinity, painting","glazing, edge-highlighting, tips, infinity, painting"
vlogs/keeping-the-hobby-streak-alive.mdx,Vlogs,2026-01-30,Keeping the Hobby Streak Alive,"painting, hobby-streak, motivation, butcher","painting, hobby-motivation, butcher"
vlogs/lego-dnd-prep.mdx,Vlogs,2026-02-28,Lego D&D Prep,"dungeons-and-dragons, lego, ttrpg, family-gaming","dungeons-and-dragons, lego, ttrpg, family-gaming"
vlogs/loose-ends-and-crown-and-skull-session-0.mdx,Vlogs,2025-11-23,Loose Ends and Crown & Skull Session 0,"crown-and-skull, solo-rpg, pixel-art, airbrushing, character-creation, trench-crusade","crown-and-skull, solo-rpg, pixel-art, airbrushing, ttrpg, trench-crusade"
vlogs/mage-knight-dungeons-solo.mdx,Vlogs,2025-12-31,Mage Knight Dungeons Solo,"mage-knight, board-games, solo-rpg, dungeon-crawler, game-design","mage-knight, board-games, solo-rpg, dungeon-crawler, ttrpg"
vlogs/mail-day-1.mdx,Vlogs,2026-04-28,Mail day,"painting, metal, warmachine, mage-knight, orcs-and-goblins, unboxing","painting, metal, warmachine, mage-knight, orcs-and-goblins, unboxing"
vlogs/mail-day-and-what-s-coming-next.mdx,Vlogs,2026-05-28,Mail day and what’s coming next,"model-prep, warmachine, orcs-and-goblins, basing, metal, priming, terrain","model-prep, warmachine, orcs-and-goblins, basing, metal, priming, terrain"
vlogs/mail-day-rare-ral-partha-and-mage-knight-metals.mdx,Vlogs,2025-12-13,Mail Day - Rare Ral Partha and Mage Knight Metals,"mage-knight, nostalgia, collection, unboxing, mail-day, metal-miniatures","mage-knight, collection, unboxing, metal-miniatures"
vlogs/mail-day.mdx,Vlogs,2025-11-01,Mail Day,"unboxing, warmachine, dusk, mail-day, fantasm","unboxing, warmachine, dusk, fantasm"
vlogs/making-progress-on-maximus.mdx,Vlogs,2026-01-12,Pushing Through Maximus's White and Purple Armor,"painting, crucible-guard, dolmenwood, vlog, warmachine","painting, crucible-guard, dolmenwood, vlog, warmachine"
vlogs/may-24-2026.mdx,Vlogs,2026-05-25,"May 24, 2026","airbrushing, basing, painting, cloth","airbrushing, basing, painting, cloth"
vlogs/may-26-2026.mdx,Vlogs,2026-05-27,"May 26, 2026",,
vlogs/may-5-2026.mdx,Vlogs,2026-05-06,Wanted! Reward: CC 10000 Appliances on the Print Bed,3d-printing,3d-printing
vlogs/merging-stl-files-has-me-feeling-like-a-god.mdx,Vlogs,2025-12-23,Merging STL Files Has Me Feeling Like a God!,"3d-printing, vlog, stl-files","3d-printing, vlog"
vlogs/mistakes.mdx,Vlogs,2025-09-12,Fixing a Bad Speed Paint Job,"motivation, mistakes, robes, final-fantasy, painting","hobby-motivation, mistakes, robes, final-fantasy, painting"
vlogs/more-cleaning-vlog.mdx,Vlogs,2025-11-21,More Cleaning Vlog,"hobby-organization, trench-crusade, warmachine, dusk, vlog","workspace, trench-crusade, warmachine, dusk, vlog"
vlogs/more-progress-on-everything-im-working-on.mdx,Vlogs,2025-11-26,More Progress on Everything I'm Working On,"3d-printing, trench-crusade, leather, thanksgiving","3d-printing, trench-crusade, leather, thanksgiving"
vlogs/more-progress-on-the-children-of-gomb-entry.mdx,Vlogs,2026-03-09,More Progress on the Children of Gomb Entry,"children-of-gomb, pillage, midgard, painting, chain, normans, hobgoblin, hyperborea, inq28","children-of-gomb, pillage, midgard, painting, chain, normans, hobgoblin, hyperborea, inq28"
vlogs/more-progress-on-the-normans.mdx,Vlogs,2026-03-29,More Progress on the Normans,"painting, normans, historical-miniatures, leather, chainmail, speed-paints, metal","painting, normans, historical-miniatures, leather, chainmail, speed-painting, metal"
vlogs/my-first-one-piece-tcg-event.mdx,Vlogs,2026-01-11,My First One Piece TCG Event,"one-piece-tcg, card-games, competition, magic-the-gathering, vlog","one-piece-tcg, card-games, competition, magic-the-gathering, vlog"
vlogs/my-minimal-solo-rpg-kit.mdx,Vlogs,2026-04-17,My minimal solo rpg kit,"painting, rpg-session, snow-effects, orcs-and-goblins, wood, terrain, basing","painting, rpg-session, snow-effects, orcs-and-goblins, wood, terrain, basing"
vlogs/new-warmachine-caster.mdx,Vlogs,2026-04-06,New Warmachine Caster — Infernals Complete,"resin-casting, warmachine, priming, 3d-printing","resin-casting, warmachine, priming, 3d-printing"
vlogs/next-episode-of-kal-arath-is-almost-ready.mdx,Vlogs,2026-05-02,Next Episode of Kal Arath is Almost Ready,"kal-arath, solo-rpg, prima-materia","kal-arath, solo-rpg, prima-materia"
vlogs/nmm-blue-steel-scales-and-an-existential-crisis.mdx,Vlogs,2026-04-14,NMM Blue Steel Scales and an Existential Crisis,"painting, metal, orcs-and-goblins, glazing, washes, stripping, 3d-printing","painting, metal, orcs-and-goblins, glazing, washes, stripping, 3d-printing"
vlogs/no-making-the-same-mistakes-as-i-usually-do.mdx,Vlogs,2026-04-30,No making the same mistakes as I usually do,"kitbashing, warhammer, building, buying-selling, painting, event-photos, orcs-and-goblins","kitbashing, warhammer, building, buying-selling, painting, event-photos, orcs-and-goblins"
vlogs/old-school-sand-bases.mdx,Vlogs,2026-06-01,Old school sand bases,"basing, painting, building, airbrushing, wood, terrain, model-prep","basing, painting, building, airbrushing, wood, terrain, model-prep"
vlogs/one-of-my-new-favorites.mdx,Vlogs,2026-05-14,One of my new favorites.,books,books
vlogs/opening-20-year-old-mage-knight-boosters.mdx,Vlogs,2025-12-28,Opening 20 Year Old Mage Knight Boosters,"mage-knight, booster-opening, solo-rpg, collection, nostalgia","mage-knight, booster-opening, solo-rpg, collection"
vlogs/orc-bases-and-flesh.mdx,Vlogs,2026-05-17,Orc bases and flesh,"basing, orcs-and-goblins","basing, orcs-and-goblins"
vlogs/paint-and-ramble-hobby-pressure.mdx,Vlogs,2025-10-30,Paint & Ramble: Hobby Pressure,"motivation, collection, mental-health, painting-goblins","hobby-motivation, collection, mental-health, painting"
vlogs/paint-and-ramble-night.mdx,Vlogs,2026-02-26,Paint and Ramble Night,"painting, infinity, commission, scale-75, blending, basing, nurgle","painting, infinity, commission, scale-75, blending, basing, nurgle"
vlogs/paint-and-ramble-vlog.mdx,Vlogs,2025-12-30,Paint and Ramble Vlog,"warmachine, crucible-guard, speed-painting, army-painter, vlog, warjacks","warmachine, crucible-guard, speed-painting, army-painter, vlog, warjacks"
vlogs/painting-and-ranting-about-game-design.mdx,Vlogs,2026-03-15,Painting and Ranting about Game Design,"game-design, mordheim, painting, glazing, infinity, maximus, crown-and-skull, war-machine","ttrpg, mordheim, painting, glazing, infinity, maximus, crown-and-skull, warmachine"
vlogs/painting-blue-and-planning-the-next-couple-of-projects.mdx,Vlogs,2026-05-23,Painting blue and planning the next couple of projects.,painting,painting
vlogs/painting-dirt-hobby-vlog-99.mdx,Vlogs,2025-12-19,Painting Dirt - Hobby Vlog 99,"terrain, painting, vlog, mage-knight, mail-day","terrain, painting, vlog, mage-knight, unboxing"
vlogs/painting-some-infinity-models.mdx,Vlogs,2026-04-26,Painting some infinity models,"painting, airbrushing, orcs-and-goblins, model-prep, basing, eyes, contrast-paints","painting, airbrushing, orcs-and-goblins, model-prep, basing, eyes, contrast-paints"
vlogs/quick-hobby-update.mdx,Vlogs,2026-04-05,Quick Hobby Update,"painting, 3d-printing, live-stream, resin-casting, model-prep, dusk, snow-effects","painting, 3d-printing, live-stream, resin-casting, model-prep, dusk, snow-effects"
vlogs/quick-vlog-day-97.mdx,Vlogs,2025-12-17,Sealing the Terrain Board and Printing a Vulcan,"terrain, 3d-printing, crucible-guard, warmachine, vlog","terrain, 3d-printing, crucible-guard, warmachine, vlog"
vlogs/quick-vlog-update-rip-airbrush.mdx,Vlogs,2025-09-29,My 12-Year-Old Airbrush Died Mid-Priming,"airbrushing, troubleshooting, circle-oroboros, priming, livestream","airbrushing, troubleshooting, circle-oroboros, priming, live-stream"
vlogs/quick-vlog.mdx,Vlogs,2025-11-13,Hobby Queue Check-In: What's Next on the Bench,vlog,vlog
vlogs/rip-to-my-heat-gun.mdx,Vlogs,2026-04-21,RIP to my heat gun,"painting, glazing, metal, airbrushing, blending, dusk, snow-effects","painting, glazing, metal, airbrushing, blending, dusk, snow-effects"
vlogs/self-reflection-and-story-time.mdx,Vlogs,2025-11-18,Self Reflection & Story Time,"personal, hobby-organization, hobby-planning, golden-demon","workspace, golden-demon"
vlogs/showing-off-some-warmachine-minis.mdx,Vlogs,2025-10-24,Showing Off Some Warmachine Minis,"warmachine, menoth, goblins, contrast-paints, collection","warmachine, menoth, goblins, contrast-paints, collection"
vlogs/sick-q-a.mdx,Vlogs,2026-03-26,Sick Q&A,"q-and-a, castle-grief, calarrath, kingdom-death, solo-rpg, laser-engraving, smash-bash","q-and-a, castle-grief, kal-arath, kingdom-death, solo-rpg, laser-engraving, smashbash"
vlogs/slowly-going-insane-removing-mould-lines.mdx,Vlogs,2025-10-08,Slowly Going Insane Removing Mould Lines,"goblins, mold-lines, assembly, old-world, motivation","goblins, mold-lines, assembly, old-world, hobby-motivation"
vlogs/smashbash-build-begins.mdx,Vlogs,2026-04-12,SmashBash Build Begins,"building, smashbash","building, smashbash"
vlogs/solo-roleplaying-session-0-part-1-intro-to-the-system.mdx,Vlogs,2025-11-17,Solo Roleplaying Session 0 Part 1: Intro to the System,"crown-and-skull, solo-rpg, runehammer, ttrpg, dice","crown-and-skull, solo-rpg, runehammer, ttrpg, dice"
vlogs/some-late-night-reading-after-this-came-in-the-mail-today.mdx,Vlogs,2026-04-29,Some Late Night Reading After This Came in the Mail Today,unboxing,unboxing
vlogs/spicing-up-some-relic-blade-tokens.mdx,Vlogs,2026-05-15,Spicing up some relic blade tokens.,relicblade,relicblade
vlogs/started-on-the-loincloth.mdx,Vlogs,2025-11-29,Started on the Loincloth,"infinity, glazing, scale-75, painting, vlog","infinity, glazing, scale-75, painting, vlog"
vlogs/super-fast-osl.mdx,Vlogs,2026-05-11,Super fast OSL,"painting, airbrushing, contrast-paints, osl","painting, airbrushing, contrast-paints, osl"
vlogs/taking-a-look-at-inquisitor-kroyle.mdx,Vlogs,2026-05-13,Taking a look at Inquisitor Kroyle,"painting, kitbashing, unboxing, warmachine, warhammer","painting, kitbashing, unboxing, warmachine, warhammer"
vlogs/the-first-miniatures-i-ever-painted.mdx,Vlogs,2025-12-01,The First Miniatures I Ever Painted,"mage-knight, nostalgia, first-miniatures, collection, tournament-history","mage-knight, first-miniatures, collection, tournament-history"
vlogs/thoughts-on-90-days-of-hobby-vlogging.mdx,Vlogs,2025-12-10,Thoughts On 90 Days of Hobby Vlogging,"milestone, vlog, dolmenwood","milestone, vlog, dolmenwood"
vlogs/tips-for-batch-painting-unique-models.mdx,Vlogs,2026-05-01,Tips for Batch Painting Unique Models,"painting, batch-painting, tips, infinity, airbrushing, nmm","painting, speed-painting, tips, infinity, airbrushing, nmm"
vlogs/toad-giveaway.mdx,Vlogs,2025-11-03,Toad Giveaway,"giveaway, hobby-organization, collection, resin-casting","giveaway, workspace, collection, resin-casting"
vlogs/two-minute-trench-crusade-battle-recap.mdx,Vlogs,2025-11-20,Two Minute Trench Crusade Battle Recap,"trench-crusade, battle-report, event-recap, trench-pilgrims","trench-crusade, battle-report, event-recap, trench-pilgrims"
vlogs/using-speed-paints-as-a-wash.mdx,Vlogs,2026-04-13,Using Speed Paints as a Wash,"washes, painting, speed-painting, contrast-paints, battle-report, orcs-and-goblins, airbrushing","washes, painting, speed-painting, contrast-paints, battle-report, orcs-and-goblins, airbrushing"
vlogs/vlogging-hobby-struggles-to-hopefully-motivate-everyone-else.mdx,Vlogs,2025-10-22,Vlogging Hobby Struggles to Hopefully Motivate Everyone Else,"goblins, motivation, inspiration, warmachine, color-recipes","goblins, hobby-motivation, inspiration, warmachine, color-recipes"
vlogs/vlogging-my-failures-again.mdx,Vlogs,2025-10-12,"Goblins Off Bases, Bad Casts, and Homemade Music","motivation, goblins, basing, mold-making, music, learning","hobby-motivation, goblins, basing, mold-making, music, learning"
vlogs/warmachine-event-photos.mdx,Vlogs,2025-10-27,Warmachine Event Photos,"warmachine, event-recap, narrative, battle-report, menoth","warmachine, event-recap, narrative, battle-report, menoth"
vlogs/warmachine-winter-wonderland-event-photos.mdx,Vlogs,2025-12-07,Warmachine Winter Wonderland Event Photos,"warmachine, event-recap, fifth-division, kador, vlog","warmachine, event-recap, fifth-division, kador, vlog"
vlogs/why-are-3d-sculpted-models-so-overly-detailed.mdx,Vlogs,2026-04-16,Why are 3d sculpted models so overly detailed?,"painting, warmachine, cloth, metal, building, terrain, 3d-printing","painting, warmachine, cloth, metal, building, terrain, 3d-printing"
vlogs/will-i-see-another-summer-again.mdx,Vlogs,2025-12-21,Will I See Another Summer Again,"vlog, 3d-printing, basing","vlog, 3d-printing, basing"
vlogs/wtf-is-a-rectifier.mdx,Vlogs,2026-04-24,Wtf is a rectifier.,"painting, orcs-and-goblins, kitbashing","painting, orcs-and-goblins, kitbashing"
vlogs/another-warmachine-update-video.mdx,Warmachine,2026-01-18,"Rahara, Thyra, and Fifth Division List Ideas","warmachine, list-building, rahara, thyra, fifth-division, menoth","warmachine, list-building, rahara, thyra, fifth-division, menoth"
